{
  "chart": {
    "title": "Remaining life expectancy at different ages",
    "subtitle": "The remaining [period life expectancy](#dod:period-life-expectancy) of people who have reached a given age.",
    "citation": "Human Mortality Database (2025); UN, World Population Prospects (2024)",
    "originalChartUrl": "https://ourworldindata.org/grapher/remaining-life-expectancy-at-different-ages?v=1&csvType=full&useColumnShortNames=false",
    "selection": [
      "World"
    ]
  },
  "columns": {
    "Life expectancy - Sex: total - Age: 0 - Type: period": {
      "titleShort": "Life expectancy at birth",
      "titleLong": "Life expectancy at birth - HMD – totals, period tables",
      "descriptionShort": "The period life expectancy at birth among totals, in a given year.",
      "descriptionKey": [
        "Period life expectancy is a metric that summarizes death rates across all age groups in one particular year.",
        "For a given year, it represents the average lifespan for a hypothetical group of people, if they experienced the same age-specific death rates throughout their whole lives as the age-specific death rates seen in that particular year.",
        "Prior to 1950, we use HMD (2025) data. From 1950 onwards, we use UN WPP (2024) data."
      ],
      "shortUnit": "years",
      "unit": "years",
      "timespan": "1751-2023",
      "type": "Numeric",
      "owidVariableId": 1118561,
      "shortName": "life_expectancy__sex_total__age_0__type_period",
      "lastUpdated": "2025-10-22",
      "nextUpdate": "2026-10-22",
      "citationShort": "Human Mortality Database (2025); UN, World Population Prospects (2024) – processed by Our World in Data",
      "citationLong": "Human Mortality Database (2025); UN, World Population Prospects (2024) – processed by Our World in Data. “Life expectancy at birth – HMD – totals, period tables” [dataset]. Human Mortality Database, “Human Mortality Database”; United Nations, “World Population Prospects” [original data].",
      "fullMetadata": "https://api.ourworldindata.org/v1/indicators/1118561.metadata.json"
    },
    "Life expectancy - Sex: total - Age: 10 - Type: period": {
      "titleShort": "Life expectancy at 10",
      "titleLong": "Life expectancy at 10 - HMD – totals, period tables",
      "descriptionShort": "The remaining period life expectancy at age 10 among totals, in a given year.",
      "descriptionKey": [
        "Period life expectancy is a metric that summarizes death rates across all age groups in one particular year.",
        "For a given year, it represents the remaining average lifespan for a hypothetical group of people, if they experienced the same age-specific death rates throughout the rest of their lives as the age-specific death rates seen in that particular year.",
        "This shows the remaining life expectancy among people who have already reached the age 10, using death rates from their age group and older age groups.",
        "Prior to 1950, we use HMD (2025) data. From 1950 onwards, we use UN WPP (2024) data."
      ],
      "shortUnit": "years",
      "unit": "years",
      "timespan": "1751-2023",
      "type": "Numeric",
      "owidVariableId": 1118562,
      "shortName": "life_expectancy__sex_total__age_10__type_period",
      "lastUpdated": "2025-10-22",
      "nextUpdate": "2026-10-22",
      "citationShort": "Human Mortality Database (2025); UN, World Population Prospects (2024) – processed by Our World in Data",
      "citationLong": "Human Mortality Database (2025); UN, World Population Prospects (2024) – processed by Our World in Data. “Life expectancy at 10 – HMD – totals, period tables” [dataset]. Human Mortality Database, “Human Mortality Database”; United Nations, “World Population Prospects” [original data].",
      "fullMetadata": "https://api.ourworldindata.org/v1/indicators/1118562.metadata.json"
    },
    "Life expectancy - Sex: total - Age: 15 - Type: period": {
      "titleShort": "Life expectancy at 15",
      "titleLong": "Life expectancy at 15 - HMD – totals, period tables",
      "descriptionShort": "The remaining period life expectancy at age 15 among totals, in a given year.",
      "descriptionKey": [
        "Period life expectancy is a metric that summarizes death rates across all age groups in one particular year.",
        "For a given year, it represents the remaining average lifespan for a hypothetical group of people, if they experienced the same age-specific death rates throughout the rest of their lives as the age-specific death rates seen in that particular year.",
        "This shows the remaining life expectancy among people who have already reached the age 15, using death rates from their age group and older age groups.",
        "Prior to 1950, we use HMD (2025) data. From 1950 onwards, we use UN WPP (2024) data."
      ],
      "shortUnit": "years",
      "unit": "years",
      "timespan": "1751-2023",
      "type": "Numeric",
      "owidVariableId": 1118563,
      "shortName": "life_expectancy__sex_total__age_15__type_period",
      "lastUpdated": "2025-10-22",
      "nextUpdate": "2026-10-22",
      "citationShort": "Human Mortality Database (2025); UN, World Population Prospects (2024) – processed by Our World in Data",
      "citationLong": "Human Mortality Database (2025); UN, World Population Prospects (2024) – processed by Our World in Data. “Life expectancy at 15 – HMD – totals, period tables” [dataset]. Human Mortality Database, “Human Mortality Database”; United Nations, “World Population Prospects” [original data].",
      "fullMetadata": "https://api.ourworldindata.org/v1/indicators/1118563.metadata.json"
    },
    "Life expectancy - Sex: total - Age: 25 - Type: period": {
      "titleShort": "Life expectancy at 25",
      "titleLong": "Life expectancy at 25 - HMD – totals, period tables",
      "descriptionShort": "The remaining period life expectancy at age 25 among totals, in a given year.",
      "descriptionKey": [
        "Period life expectancy is a metric that summarizes death rates across all age groups in one particular year.",
        "For a given year, it represents the remaining average lifespan for a hypothetical group of people, if they experienced the same age-specific death rates throughout the rest of their lives as the age-specific death rates seen in that particular year.",
        "This shows the remaining life expectancy among people who have already reached the age 25, using death rates from their age group and older age groups.",
        "Prior to 1950, we use HMD (2025) data. From 1950 onwards, we use UN WPP (2024) data."
      ],
      "shortUnit": "years",
      "unit": "years",
      "timespan": "1751-2023",
      "type": "Numeric",
      "owidVariableId": 1118564,
      "shortName": "life_expectancy__sex_total__age_25__type_period",
      "lastUpdated": "2025-10-22",
      "nextUpdate": "2026-10-22",
      "citationShort": "Human Mortality Database (2025); UN, World Population Prospects (2024) – processed by Our World in Data",
      "citationLong": "Human Mortality Database (2025); UN, World Population Prospects (2024) – processed by Our World in Data. “Life expectancy at 25 – HMD – totals, period tables” [dataset]. Human Mortality Database, “Human Mortality Database”; United Nations, “World Population Prospects” [original data].",
      "fullMetadata": "https://api.ourworldindata.org/v1/indicators/1118564.metadata.json"
    },
    "Life expectancy - Sex: total - Age: 45 - Type: period": {
      "titleShort": "Life expectancy at 45",
      "titleLong": "Life expectancy at 45 - HMD – totals, period tables",
      "descriptionShort": "The remaining period life expectancy at age 45 among totals, in a given year.",
      "descriptionKey": [
        "Period life expectancy is a metric that summarizes death rates across all age groups in one particular year.",
        "For a given year, it represents the remaining average lifespan for a hypothetical group of people, if they experienced the same age-specific death rates throughout the rest of their lives as the age-specific death rates seen in that particular year.",
        "This shows the remaining life expectancy among people who have already reached the age 45, using death rates from their age group and older age groups.",
        "Prior to 1950, we use HMD (2025) data. From 1950 onwards, we use UN WPP (2024) data."
      ],
      "shortUnit": "years",
      "unit": "years",
      "timespan": "1751-2023",
      "type": "Numeric",
      "owidVariableId": 1118565,
      "shortName": "life_expectancy__sex_total__age_45__type_period",
      "lastUpdated": "2025-10-22",
      "nextUpdate": "2026-10-22",
      "citationShort": "Human Mortality Database (2025); UN, World Population Prospects (2024) – processed by Our World in Data",
      "citationLong": "Human Mortality Database (2025); UN, World Population Prospects (2024) – processed by Our World in Data. “Life expectancy at 45 – HMD – totals, period tables” [dataset]. Human Mortality Database, “Human Mortality Database”; United Nations, “World Population Prospects” [original data].",
      "fullMetadata": "https://api.ourworldindata.org/v1/indicators/1118565.metadata.json"
    },
    "Life expectancy - Sex: total - Age: 65 - Type: period": {
      "titleShort": "Life expectancy at 65",
      "titleLong": "Life expectancy at 65 - HMD – totals, period tables",
      "descriptionShort": "The remaining period life expectancy at age 65 among totals, in a given year.",
      "descriptionKey": [
        "Period life expectancy is a metric that summarizes death rates across all age groups in one particular year.",
        "For a given year, it represents the remaining average lifespan for a hypothetical group of people, if they experienced the same age-specific death rates throughout the rest of their lives as the age-specific death rates seen in that particular year.",
        "This shows the remaining life expectancy among people who have already reached the age 65, using death rates from their age group and older age groups.",
        "Prior to 1950, we use HMD (2025) data. From 1950 onwards, we use UN WPP (2024) data."
      ],
      "shortUnit": "years",
      "unit": "years",
      "timespan": "1751-2023",
      "type": "Numeric",
      "owidVariableId": 1118566,
      "shortName": "life_expectancy__sex_total__age_65__type_period",
      "lastUpdated": "2025-10-22",
      "nextUpdate": "2026-10-22",
      "citationShort": "Human Mortality Database (2025); UN, World Population Prospects (2024) – processed by Our World in Data",
      "citationLong": "Human Mortality Database (2025); UN, World Population Prospects (2024) – processed by Our World in Data. “Life expectancy at 65 – HMD – totals, period tables” [dataset]. Human Mortality Database, “Human Mortality Database”; United Nations, “World Population Prospects” [original data].",
      "fullMetadata": "https://api.ourworldindata.org/v1/indicators/1118566.metadata.json"
    },
    "Life expectancy - Sex: total - Age: 80 - Type: period": {
      "titleShort": "Life expectancy at 80",
      "titleLong": "Life expectancy at 80 - HMD – totals, period tables",
      "descriptionShort": "The remaining period life expectancy at age 80 among totals, in a given year.",
      "descriptionKey": [
        "Period life expectancy is a metric that summarizes death rates across all age groups in one particular year.",
        "For a given year, it represents the remaining average lifespan for a hypothetical group of people, if they experienced the same age-specific death rates throughout the rest of their lives as the age-specific death rates seen in that particular year.",
        "This shows the remaining life expectancy among people who have already reached the age 80, using death rates from their age group and older age groups.",
        "Prior to 1950, we use HMD (2025) data. From 1950 onwards, we use UN WPP (2024) data."
      ],
      "shortUnit": "years",
      "unit": "years",
      "timespan": "1751-2023",
      "type": "Numeric",
      "owidVariableId": 1118567,
      "shortName": "life_expectancy__sex_total__age_80__type_period",
      "lastUpdated": "2025-10-22",
      "nextUpdate": "2026-10-22",
      "citationShort": "Human Mortality Database (2025); UN, World Population Prospects (2024) – processed by Our World in Data",
      "citationLong": "Human Mortality Database (2025); UN, World Population Prospects (2024) – processed by Our World in Data. “Life expectancy at 80 – HMD – totals, period tables” [dataset]. Human Mortality Database, “Human Mortality Database”; United Nations, “World Population Prospects” [original data].",
      "fullMetadata": "https://api.ourworldindata.org/v1/indicators/1118567.metadata.json"
    }
  },
  "dateDownloaded": "2025-11-09",
  "activeFilters": {}
}