{
  "chart": {
    "title": "GDP per capita",
    "subtitle": "GDP per capita is a country's [gross domestic product](#dod:gdp) divided by its population. This data is adjusted for inflation and differences in living costs between countries.",
    "note": "This data is expressed in [international-$](#dod:int_dollar_abbreviation) at 2011 prices.",
    "citation": "Bolt and van Zanden – Maddison Project Database 2023",
    "originalChartUrl": "https://ourworldindata.org/grapher/gdp-per-capita-maddison-project-database?v=1&csvType=full&useColumnShortNames=false",
    "selection": [
      "World",
      "Western Europe (Maddison)",
      "Eastern Europe (Maddison)",
      "Latin America (Maddison)",
      "East Asia (Maddison)",
      "Western offshoots (Maddison)",
      "Sub Saharan Africa (Maddison)",
      "South and South East Asia (Maddison)",
      "Middle East and North Africa (Maddison)"
    ]
  },
  "columns": {
    "GDP per capita": {
      "titleShort": "GDP per capita",
      "titleLong": "GDP per capita - Maddison Project Database – Long-run data in constant international-$",
      "descriptionShort": "Average economic output per person in a country or region per year. This data is adjusted for inflation and differences in living costs between countries.",
      "descriptionKey": [
        "GDP per capita is a comprehensive measure of people's average income. It helps compare income levels across countries and track how they change over time. It is especially useful for understanding trends in economic growth and living standards.",
        "GDP per capita is calculated as the value of all final goods and services produced each year in a country (the [gross domestic product](#dod:gdp)), divided by the population. It represents the average economic output per person.",
        "This indicator shows the large inequality between people in different countries. In the poorest countries, average incomes are below $1,000 per year; in rich countries, they are more than 50 times higher.",
        "This data comes from the [Maddison Project Database](https://www.rug.nl/ggdc/historicaldevelopment/maddison/releases/maddison-project-database-2023), which provides GDP per capita estimates for the _very long run_. Some country series extend as far back as 1 CE, and regional estimates start in 1820.",
        "This work builds on the efforts of many researchers who have carefully reconstructed historical data on economic growth and population for individual countries. You can find the full list of sources in [the original dataset](https://dataverse.nl/api/access/datafile/421302).",
        "This data is expressed in constant international dollars at 2011 prices to adjust for inflation and differences in living costs between countries. Read more in our article, [What are international dollars?](https://ourworldindata.org/international-dollars)",
        "This dataset combines multiple [purchasing power parity](#dod:purchasing-power-parity) (PPP) benchmarks to ensure historical consistency and comparability over time. 1990 PPPs are used up to 1990, and 2011 PPPs are used from 2011 onward. For the years in between, they adjust the series to smoothly connect the two benchmarks. This approach preserves consistency with the original long-run estimates calculated by Angus Maddison.",
        "Time series for former countries and territories are calculated forward by estimating values based on their last official borders.",
        "For more frequently updated estimates since 1990, explore our chart of GDP per capita from the [World Bank](https://ourworldindata.org/grapher/gdp-per-capita-worldbank)."
      ],
      "shortUnit": "$",
      "unit": "international-$ in 2011 prices",
      "timespan": "1-2022",
      "type": "Numeric",
      "owidVariableId": 900793,
      "shortName": "gdp_per_capita",
      "lastUpdated": "2024-04-26",
      "nextUpdate": "2027-04-22",
      "citationShort": "Bolt and van Zanden – Maddison Project Database 2023 – with minor processing by Our World in Data",
      "citationLong": "Bolt and van Zanden – Maddison Project Database 2023 – with minor processing by Our World in Data. “GDP per capita – Maddison Project Database – Long-run data in constant international-$” [dataset]. Bolt and van Zanden, “Maddison Project Database 2023” [original data].",
      "fullMetadata": "https://api.ourworldindata.org/v1/indicators/900793.metadata.json"
    },
    "900793-annotations": {
      "titleShort": "900793-annotations",
      "titleLong": "900793-annotations",
      "type": "SeriesAnnotation",
      "citationShort": " – processed by Our World in Data",
      "citationLong": " – processed by Our World in Data. “900793-annotations” [dataset].",
      "fullMetadata": "https://api.ourworldindata.org/v1/indicators/undefined.metadata.json"
    }
  },
  "dateDownloaded": "2025-11-09",
  "activeFilters": {}
}